--
-- PostgreSQL database dump
--

-- Dumped from database version 13.3
-- Dumped by pg_dump version 13.3

SET statement_timeout = 0;
SET lock_timeout = 0;
SET idle_in_transaction_session_timeout = 0;
SET client_encoding = 'UTF8';
SET standard_conforming_strings = on;
SELECT pg_catalog.set_config('search_path', '', false);
SET check_function_bodies = false;
SET xmloption = content;
SET client_min_messages = warning;
SET row_security = off;

SET default_tablespace = '';

SET default_table_access_method = heap;

--
-- Name: articles_article; Type: TABLE; Schema: public; Owner: iko
--

CREATE TABLE public.articles_article (
    id bigint NOT NULL,
    title character varying(50) NOT NULL,
    storyline text NOT NULL,
    text text NOT NULL,
    active boolean NOT NULL,
    avg_rating double precision NOT NULL,
    number_rating integer NOT NULL,
    created timestamp with time zone NOT NULL,
    related_service_id bigint NOT NULL,
    updated timestamp with time zone,
    user_id integer NOT NULL,
    image character varying(100)
);


ALTER TABLE public.articles_article OWNER TO iko;

--
-- Name: articles_article_id_seq; Type: SEQUENCE; Schema: public; Owner: iko
--

ALTER TABLE public.articles_article ALTER COLUMN id ADD GENERATED BY DEFAULT AS IDENTITY (
    SEQUENCE NAME public.articles_article_id_seq
    START WITH 1
    INCREMENT BY 1
    NO MINVALUE
    NO MAXVALUE
    CACHE 1
);


--
-- Name: articles_review; Type: TABLE; Schema: public; Owner: iko
--

CREATE TABLE public.articles_review (
    id bigint NOT NULL,
    rating integer NOT NULL,
    description character varying(200),
    active boolean NOT NULL,
    created timestamp with time zone NOT NULL,
    updated timestamp with time zone NOT NULL,
    article_id bigint NOT NULL,
    review_user_id integer NOT NULL,
    CONSTRAINT articles_review_rating_check CHECK ((rating >= 0))
);


ALTER TABLE public.articles_review OWNER TO iko;

--
-- Name: articles_review_id_seq; Type: SEQUENCE; Schema: public; Owner: iko
--

ALTER TABLE public.articles_review ALTER COLUMN id ADD GENERATED BY DEFAULT AS IDENTITY (
    SEQUENCE NAME public.articles_review_id_seq
    START WITH 1
    INCREMENT BY 1
    NO MINVALUE
    NO MAXVALUE
    CACHE 1
);


--
-- Name: auth_group; Type: TABLE; Schema: public; Owner: iko
--

CREATE TABLE public.auth_group (
    id integer NOT NULL,
    name character varying(150) NOT NULL
);


ALTER TABLE public.auth_group OWNER TO iko;

--
-- Name: auth_group_id_seq; Type: SEQUENCE; Schema: public; Owner: iko
--

ALTER TABLE public.auth_group ALTER COLUMN id ADD GENERATED BY DEFAULT AS IDENTITY (
    SEQUENCE NAME public.auth_group_id_seq
    START WITH 1
    INCREMENT BY 1
    NO MINVALUE
    NO MAXVALUE
    CACHE 1
);


--
-- Name: auth_group_permissions; Type: TABLE; Schema: public; Owner: iko
--

CREATE TABLE public.auth_group_permissions (
    id bigint NOT NULL,
    group_id integer NOT NULL,
    permission_id integer NOT NULL
);


ALTER TABLE public.auth_group_permissions OWNER TO iko;

--
-- Name: auth_group_permissions_id_seq; Type: SEQUENCE; Schema: public; Owner: iko
--

ALTER TABLE public.auth_group_permissions ALTER COLUMN id ADD GENERATED BY DEFAULT AS IDENTITY (
    SEQUENCE NAME public.auth_group_permissions_id_seq
    START WITH 1
    INCREMENT BY 1
    NO MINVALUE
    NO MAXVALUE
    CACHE 1
);


--
-- Name: auth_permission; Type: TABLE; Schema: public; Owner: iko
--

CREATE TABLE public.auth_permission (
    id integer NOT NULL,
    name character varying(255) NOT NULL,
    content_type_id integer NOT NULL,
    codename character varying(100) NOT NULL
);


ALTER TABLE public.auth_permission OWNER TO iko;

--
-- Name: auth_permission_id_seq; Type: SEQUENCE; Schema: public; Owner: iko
--

ALTER TABLE public.auth_permission ALTER COLUMN id ADD GENERATED BY DEFAULT AS IDENTITY (
    SEQUENCE NAME public.auth_permission_id_seq
    START WITH 1
    INCREMENT BY 1
    NO MINVALUE
    NO MAXVALUE
    CACHE 1
);


--
-- Name: auth_user; Type: TABLE; Schema: public; Owner: iko
--

CREATE TABLE public.auth_user (
    id integer NOT NULL,
    password character varying(128) NOT NULL,
    last_login timestamp with time zone,
    is_superuser boolean NOT NULL,
    username character varying(150) NOT NULL,
    first_name character varying(150) NOT NULL,
    last_name character varying(150) NOT NULL,
    email character varying(254) NOT NULL,
    is_staff boolean NOT NULL,
    is_active boolean NOT NULL,
    date_joined timestamp with time zone NOT NULL
);


ALTER TABLE public.auth_user OWNER TO iko;

--
-- Name: auth_user_groups; Type: TABLE; Schema: public; Owner: iko
--

CREATE TABLE public.auth_user_groups (
    id bigint NOT NULL,
    user_id integer NOT NULL,
    group_id integer NOT NULL
);


ALTER TABLE public.auth_user_groups OWNER TO iko;

--
-- Name: auth_user_groups_id_seq; Type: SEQUENCE; Schema: public; Owner: iko
--

ALTER TABLE public.auth_user_groups ALTER COLUMN id ADD GENERATED BY DEFAULT AS IDENTITY (
    SEQUENCE NAME public.auth_user_groups_id_seq
    START WITH 1
    INCREMENT BY 1
    NO MINVALUE
    NO MAXVALUE
    CACHE 1
);


--
-- Name: auth_user_id_seq; Type: SEQUENCE; Schema: public; Owner: iko
--

ALTER TABLE public.auth_user ALTER COLUMN id ADD GENERATED BY DEFAULT AS IDENTITY (
    SEQUENCE NAME public.auth_user_id_seq
    START WITH 1
    INCREMENT BY 1
    NO MINVALUE
    NO MAXVALUE
    CACHE 1
);


--
-- Name: auth_user_user_permissions; Type: TABLE; Schema: public; Owner: iko
--

CREATE TABLE public.auth_user_user_permissions (
    id bigint NOT NULL,
    user_id integer NOT NULL,
    permission_id integer NOT NULL
);


ALTER TABLE public.auth_user_user_permissions OWNER TO iko;

--
-- Name: auth_user_user_permissions_id_seq; Type: SEQUENCE; Schema: public; Owner: iko
--

ALTER TABLE public.auth_user_user_permissions ALTER COLUMN id ADD GENERATED BY DEFAULT AS IDENTITY (
    SEQUENCE NAME public.auth_user_user_permissions_id_seq
    START WITH 1
    INCREMENT BY 1
    NO MINVALUE
    NO MAXVALUE
    CACHE 1
);


--
-- Name: authtoken_token; Type: TABLE; Schema: public; Owner: iko
--

CREATE TABLE public.authtoken_token (
    key character varying(40) NOT NULL,
    created timestamp with time zone NOT NULL,
    user_id integer NOT NULL
);


ALTER TABLE public.authtoken_token OWNER TO iko;

--
-- Name: django_admin_log; Type: TABLE; Schema: public; Owner: iko
--

CREATE TABLE public.django_admin_log (
    id integer NOT NULL,
    action_time timestamp with time zone NOT NULL,
    object_id text,
    object_repr character varying(200) NOT NULL,
    action_flag smallint NOT NULL,
    change_message text NOT NULL,
    content_type_id integer,
    user_id integer NOT NULL,
    CONSTRAINT django_admin_log_action_flag_check CHECK ((action_flag >= 0))
);


ALTER TABLE public.django_admin_log OWNER TO iko;

--
-- Name: django_admin_log_id_seq; Type: SEQUENCE; Schema: public; Owner: iko
--

ALTER TABLE public.django_admin_log ALTER COLUMN id ADD GENERATED BY DEFAULT AS IDENTITY (
    SEQUENCE NAME public.django_admin_log_id_seq
    START WITH 1
    INCREMENT BY 1
    NO MINVALUE
    NO MAXVALUE
    CACHE 1
);


--
-- Name: django_content_type; Type: TABLE; Schema: public; Owner: iko
--

CREATE TABLE public.django_content_type (
    id integer NOT NULL,
    app_label character varying(100) NOT NULL,
    model character varying(100) NOT NULL
);


ALTER TABLE public.django_content_type OWNER TO iko;

--
-- Name: django_content_type_id_seq; Type: SEQUENCE; Schema: public; Owner: iko
--

ALTER TABLE public.django_content_type ALTER COLUMN id ADD GENERATED BY DEFAULT AS IDENTITY (
    SEQUENCE NAME public.django_content_type_id_seq
    START WITH 1
    INCREMENT BY 1
    NO MINVALUE
    NO MAXVALUE
    CACHE 1
);


--
-- Name: django_migrations; Type: TABLE; Schema: public; Owner: iko
--

CREATE TABLE public.django_migrations (
    id bigint NOT NULL,
    app character varying(255) NOT NULL,
    name character varying(255) NOT NULL,
    applied timestamp with time zone NOT NULL
);


ALTER TABLE public.django_migrations OWNER TO iko;

--
-- Name: django_migrations_id_seq; Type: SEQUENCE; Schema: public; Owner: iko
--

ALTER TABLE public.django_migrations ALTER COLUMN id ADD GENERATED BY DEFAULT AS IDENTITY (
    SEQUENCE NAME public.django_migrations_id_seq
    START WITH 1
    INCREMENT BY 1
    NO MINVALUE
    NO MAXVALUE
    CACHE 1
);


--
-- Name: django_session; Type: TABLE; Schema: public; Owner: iko
--

CREATE TABLE public.django_session (
    session_key character varying(40) NOT NULL,
    session_data text NOT NULL,
    expire_date timestamp with time zone NOT NULL
);


ALTER TABLE public.django_session OWNER TO iko;

--
-- Name: service_service; Type: TABLE; Schema: public; Owner: iko
--

CREATE TABLE public.service_service (
    name character varying(20) NOT NULL,
    image character varying(100),
    description character varying(2000) NOT NULL
);


ALTER TABLE public.service_service OWNER TO iko;

--
-- Name: services_service; Type: TABLE; Schema: public; Owner: iko
--

CREATE TABLE public.services_service (
    id bigint NOT NULL,
    name character varying(50) NOT NULL,
    image character varying(100),
    description character varying(2000) NOT NULL
);


ALTER TABLE public.services_service OWNER TO iko;

--
-- Name: services_service_id_seq; Type: SEQUENCE; Schema: public; Owner: iko
--

ALTER TABLE public.services_service ALTER COLUMN id ADD GENERATED BY DEFAULT AS IDENTITY (
    SEQUENCE NAME public.services_service_id_seq
    START WITH 1
    INCREMENT BY 1
    NO MINVALUE
    NO MAXVALUE
    CACHE 1
);


--
-- Data for Name: articles_article; Type: TABLE DATA; Schema: public; Owner: iko
--

COPY public.articles_article (id, title, storyline, text, active, avg_rating, number_rating, created, related_service_id, updated, user_id, image) FROM stdin;
1	Как аккуратно вскрыть замок	Статья о том как аккуратно вскрыть замок.	Текст статьи о том как аккуратно вскрыть замок.	t	0	0	2022-11-15 16:11:04.126651+03	1	2022-11-15 17:51:58.169354+03	1	uploads/article/ff319535-601a-45b9-bffc-6b9781f01c11.jpg
2	Статья как починить замок	Статья о том, как починить замок	Текст статьи о том, как починить замок	t	0	0	2022-11-15 16:49:06.01237+03	2	2022-11-15 17:52:33.740258+03	2	uploads/article/9a70e0ed-c36b-425e-9e1f-525beab6b929.jpg
\.


--
-- Data for Name: articles_review; Type: TABLE DATA; Schema: public; Owner: iko
--

COPY public.articles_review (id, rating, description, active, created, updated, article_id, review_user_id) FROM stdin;
1	4	Хорошая статья	t	2022-11-15 17:30:06.508411+03	2022-11-15 17:30:06.508411+03	1	2
2	5	Отличный материал!	t	2022-11-15 17:30:33.730191+03	2022-11-15 17:30:33.730191+03	2	1
\.


--
-- Data for Name: auth_group; Type: TABLE DATA; Schema: public; Owner: iko
--

COPY public.auth_group (id, name) FROM stdin;
\.


--
-- Data for Name: auth_group_permissions; Type: TABLE DATA; Schema: public; Owner: iko
--

COPY public.auth_group_permissions (id, group_id, permission_id) FROM stdin;
\.


--
-- Data for Name: auth_permission; Type: TABLE DATA; Schema: public; Owner: iko
--

COPY public.auth_permission (id, name, content_type_id, codename) FROM stdin;
1	Can add log entry	1	add_logentry
2	Can change log entry	1	change_logentry
3	Can delete log entry	1	delete_logentry
4	Can view log entry	1	view_logentry
5	Can add permission	2	add_permission
6	Can change permission	2	change_permission
7	Can delete permission	2	delete_permission
8	Can view permission	2	view_permission
9	Can add group	3	add_group
10	Can change group	3	change_group
11	Can delete group	3	delete_group
12	Can view group	3	view_group
13	Can add user	4	add_user
14	Can change user	4	change_user
15	Can delete user	4	delete_user
16	Can view user	4	view_user
17	Can add content type	5	add_contenttype
18	Can change content type	5	change_contenttype
19	Can delete content type	5	delete_contenttype
20	Can view content type	5	view_contenttype
21	Can add session	6	add_session
22	Can change session	6	change_session
23	Can delete session	6	delete_session
24	Can view session	6	view_session
25	Can add Услуга	8	add_service
26	Can change Услуга	8	change_service
27	Can delete Услуга	8	delete_service
28	Can view Услуга	8	view_service
29	Can add article	9	add_article
30	Can change article	9	change_article
31	Can delete article	9	delete_article
32	Can view article	9	view_article
33	Can add Token	10	add_token
34	Can change Token	10	change_token
35	Can delete Token	10	delete_token
36	Can view Token	10	view_token
37	Can add token	11	add_tokenproxy
38	Can change token	11	change_tokenproxy
39	Can delete token	11	delete_tokenproxy
40	Can view token	11	view_tokenproxy
41	Can add Услуга	12	add_service
42	Can change Услуга	12	change_service
43	Can delete Услуга	12	delete_service
44	Can view Услуга	12	view_service
45	Can add review	13	add_review
46	Can change review	13	change_review
47	Can delete review	13	delete_review
48	Can view review	13	view_review
\.


--
-- Data for Name: auth_user; Type: TABLE DATA; Schema: public; Owner: iko
--

COPY public.auth_user (id, password, last_login, is_superuser, username, first_name, last_name, email, is_staff, is_active, date_joined) FROM stdin;
2	pbkdf2_sha256$390000$36zqGuKAl6sJrrr3jiWCyj$JxTBzYpGMj8zgXyJDbubZamYIukvs5MuhxD2TtjGMCg=	\N	f	iko			info@iko-studio.com	f	t	2022-11-15 17:18:37.753589+03
1	pbkdf2_sha256$390000$hdRPkUqWt7xD9WqhZAvbda$L8xGfR1DMX94hmhwxo6MpPd4Upg0rGzKD3TEIRA0e5w=	2022-11-15 22:49:08.878765+03	t	admin				t	t	2022-11-15 14:32:24.430055+03
\.


--
-- Data for Name: auth_user_groups; Type: TABLE DATA; Schema: public; Owner: iko
--

COPY public.auth_user_groups (id, user_id, group_id) FROM stdin;
\.


--
-- Data for Name: auth_user_user_permissions; Type: TABLE DATA; Schema: public; Owner: iko
--

COPY public.auth_user_user_permissions (id, user_id, permission_id) FROM stdin;
\.


--
-- Data for Name: authtoken_token; Type: TABLE DATA; Schema: public; Owner: iko
--

COPY public.authtoken_token (key, created, user_id) FROM stdin;
\.


--
-- Data for Name: django_admin_log; Type: TABLE DATA; Schema: public; Owner: iko
--

COPY public.django_admin_log (id, action_time, object_id, object_repr, action_flag, change_message, content_type_id, user_id) FROM stdin;
1	2022-11-15 16:11:04.13853+03	1	фывф	1	[{"added": {}}]	9	1
2	2022-11-15 16:26:20.1075+03	1	Вскрытие замков	1	[{"added": {}}]	12	1
3	2022-11-15 16:33:28.645527+03	1	Как аккуратно вскрыть замок	2	[{"changed": {"fields": ["\\u041d\\u0430\\u0437\\u0432\\u0430\\u043d\\u0438\\u0435", "\\u041e \\u0447\\u0435\\u043c \\u0441\\u0442\\u0430\\u0442\\u044c\\u044f", "\\u0421\\u0442\\u0430\\u0442\\u044c\\u044f"]}}]	9	1
4	2022-11-15 16:47:32.536508+03	2	Как починить замок	1	[{"added": {}}]	12	1
5	2022-11-15 16:49:06.019361+03	2	Статья как починить замок	1	[{"added": {}}]	9	1
6	2022-11-15 17:19:22.023031+03	2	Статья как починить замок	2	[{"changed": {"fields": ["\\u0410\\u0432\\u0442\\u043e\\u0440"]}}]	9	1
7	2022-11-15 17:30:06.514431+03	1	4 | Как аккуратно вскрыть замок | iko	1	[{"added": {}}]	13	1
8	2022-11-15 17:30:33.733191+03	2	5 | Статья как починить замок | admin	1	[{"added": {}}]	13	1
9	2022-11-15 17:51:58.173393+03	1	Как аккуратно вскрыть замок	2	[{"changed": {"fields": ["\\u0424\\u043e\\u0442\\u043e"]}}]	9	1
10	2022-11-15 17:52:33.744258+03	2	Статья как починить замок	2	[{"changed": {"fields": ["\\u0424\\u043e\\u0442\\u043e"]}}]	9	1
\.


--
-- Data for Name: django_content_type; Type: TABLE DATA; Schema: public; Owner: iko
--

COPY public.django_content_type (id, app_label, model) FROM stdin;
1	admin	logentry
2	auth	permission
3	auth	group
4	auth	user
5	contenttypes	contenttype
6	sessions	session
7	article	article
8	service	service
9	articles	article
10	authtoken	token
11	authtoken	tokenproxy
12	services	service
13	articles	review
\.


--
-- Data for Name: django_migrations; Type: TABLE DATA; Schema: public; Owner: iko
--

COPY public.django_migrations (id, app, name, applied) FROM stdin;
1	contenttypes	0001_initial	2022-11-15 13:55:39.617531+03
2	auth	0001_initial	2022-11-15 13:55:40.589592+03
3	admin	0001_initial	2022-11-15 13:55:40.755606+03
4	admin	0002_logentry_remove_auto_add	2022-11-15 13:55:40.783641+03
5	admin	0003_logentry_add_action_flag_choices	2022-11-15 13:55:40.809614+03
6	contenttypes	0002_remove_content_type_name	2022-11-15 13:55:40.852609+03
7	auth	0002_alter_permission_name_max_length	2022-11-15 13:55:40.878607+03
8	auth	0003_alter_user_email_max_length	2022-11-15 13:55:40.897608+03
9	auth	0004_alter_user_username_opts	2022-11-15 13:55:40.920605+03
10	auth	0005_alter_user_last_login_null	2022-11-15 13:55:40.942609+03
11	auth	0006_require_contenttypes_0002	2022-11-15 13:55:40.947622+03
12	auth	0007_alter_validators_add_error_messages	2022-11-15 13:55:40.965609+03
13	auth	0008_alter_user_username_max_length	2022-11-15 13:55:41.046619+03
14	auth	0009_alter_user_last_name_max_length	2022-11-15 13:55:41.063609+03
15	auth	0010_alter_group_name_max_length	2022-11-15 13:55:41.084607+03
16	auth	0011_update_proxy_permissions	2022-11-15 13:55:41.102719+03
17	auth	0012_alter_user_first_name_max_length	2022-11-15 13:55:41.124606+03
18	service	0001_initial	2022-11-15 13:55:41.2273+03
19	service	0002_alter_service_description_alter_service_image	2022-11-15 13:55:41.272664+03
20	service	0003_rename_service_service_name	2022-11-15 13:55:41.281672+03
21	service	0004_remove_service_id_service__id	2022-11-15 13:55:41.30177+03
22	sessions	0001_initial	2022-11-15 14:31:30.739245+03
23	articles	0001_initial	2022-11-15 15:21:14.061993+03
24	authtoken	0001_initial	2022-11-15 16:03:28.722993+03
25	authtoken	0002_auto_20160226_1747	2022-11-15 16:03:28.779984+03
26	authtoken	0003_tokenproxy	2022-11-15 16:03:28.786978+03
27	service	0002_alter_service_name	2022-11-15 16:09:44.172123+03
28	services	0001_initial	2022-11-15 16:22:47.579123+03
29	articles	0002_article_related_service	2022-11-15 16:29:57.992867+03
30	services	0002_alter_service_name	2022-11-15 17:12:29.345128+03
31	articles	0003_article_updated_article_user_and_more	2022-11-15 17:12:29.451068+03
32	articles	0004_alter_article_active_alter_article_created_and_more	2022-11-15 17:26:12.977495+03
33	articles	0005_article_image_alter_review_active_and_more	2022-11-15 17:50:15.4296+03
\.


--
-- Data for Name: django_session; Type: TABLE DATA; Schema: public; Owner: iko
--

COPY public.django_session (session_key, session_data, expire_date) FROM stdin;
z7c0d9gntgcudv4ucpc4lrjcyh45lrnp	.eJxVjEEOgjAURO_StWkKpS116d4zkOH_j0VNm1BYGe-uJCx0O--9eakB25qGrcoyzKzOqlGn320EPSTvgO_It6Kp5HWZR70r-qBVXwvL83K4fwcJNX1rO_rOWAdHAbEJ4LZjDx9EJALizMS9oRCNJ4ARTHQc3URMPdnYknp_APRHOMU:1ov0NM:wBJP1-51r1L5y0GspzHpzSGlM0pJ_WF0xJcQFUsskQo	2022-11-29 21:09:36.989734+03
fx0xtvsavxb6kn8h14d28hsxtif07zrk	.eJxVjEEOgjAURO_StWkKpS116d4zkOH_j0VNm1BYGe-uJCx0O--9eakB25qGrcoyzKzOqlGn320EPSTvgO_It6Kp5HWZR70r-qBVXwvL83K4fwcJNX1rO_rOWAdHAbEJ4LZjDx9EJALizMS9oRCNJ4ARTHQc3URMPdnYknp_APRHOMU:1ov1vg:3bX7veqR4SJL0Ox6UOqs4tOfibyKuVJGILCJrpPnUKs	2022-11-29 22:49:08.882784+03
\.


--
-- Data for Name: service_service; Type: TABLE DATA; Schema: public; Owner: iko
--

COPY public.service_service (name, image, description) FROM stdin;
\.


--
-- Data for Name: services_service; Type: TABLE DATA; Schema: public; Owner: iko
--

COPY public.services_service (id, name, image, description) FROM stdin;
1	Вскрытие замков	uploads/service/0a00ee08-d1da-4093-a929-6821364c4d50.jpg	Описание раздела вскрытие замков
2	Как починить замок	uploads/service/63da36ad-17cc-4185-884b-968dcda2f181.jpg	Описание как починить замок
\.


--
-- Name: articles_article_id_seq; Type: SEQUENCE SET; Schema: public; Owner: iko
--

SELECT pg_catalog.setval('public.articles_article_id_seq', 2, true);


--
-- Name: articles_review_id_seq; Type: SEQUENCE SET; Schema: public; Owner: iko
--

SELECT pg_catalog.setval('public.articles_review_id_seq', 2, true);


--
-- Name: auth_group_id_seq; Type: SEQUENCE SET; Schema: public; Owner: iko
--

SELECT pg_catalog.setval('public.auth_group_id_seq', 1, false);


--
-- Name: auth_group_permissions_id_seq; Type: SEQUENCE SET; Schema: public; Owner: iko
--

SELECT pg_catalog.setval('public.auth_group_permissions_id_seq', 1, false);


--
-- Name: auth_permission_id_seq; Type: SEQUENCE SET; Schema: public; Owner: iko
--

SELECT pg_catalog.setval('public.auth_permission_id_seq', 48, true);


--
-- Name: auth_user_groups_id_seq; Type: SEQUENCE SET; Schema: public; Owner: iko
--

SELECT pg_catalog.setval('public.auth_user_groups_id_seq', 1, false);


--
-- Name: auth_user_id_seq; Type: SEQUENCE SET; Schema: public; Owner: iko
--

SELECT pg_catalog.setval('public.auth_user_id_seq', 2, true);


--
-- Name: auth_user_user_permissions_id_seq; Type: SEQUENCE SET; Schema: public; Owner: iko
--

SELECT pg_catalog.setval('public.auth_user_user_permissions_id_seq', 1, false);


--
-- Name: django_admin_log_id_seq; Type: SEQUENCE SET; Schema: public; Owner: iko
--

SELECT pg_catalog.setval('public.django_admin_log_id_seq', 10, true);


--
-- Name: django_content_type_id_seq; Type: SEQUENCE SET; Schema: public; Owner: iko
--

SELECT pg_catalog.setval('public.django_content_type_id_seq', 13, true);


--
-- Name: django_migrations_id_seq; Type: SEQUENCE SET; Schema: public; Owner: iko
--

SELECT pg_catalog.setval('public.django_migrations_id_seq', 33, true);


--
-- Name: services_service_id_seq; Type: SEQUENCE SET; Schema: public; Owner: iko
--

SELECT pg_catalog.setval('public.services_service_id_seq', 2, true);


--
-- Name: articles_article articles_article_pkey; Type: CONSTRAINT; Schema: public; Owner: iko
--

ALTER TABLE ONLY public.articles_article
    ADD CONSTRAINT articles_article_pkey PRIMARY KEY (id);


--
-- Name: articles_review articles_review_pkey; Type: CONSTRAINT; Schema: public; Owner: iko
--

ALTER TABLE ONLY public.articles_review
    ADD CONSTRAINT articles_review_pkey PRIMARY KEY (id);


--
-- Name: auth_group auth_group_name_key; Type: CONSTRAINT; Schema: public; Owner: iko
--

ALTER TABLE ONLY public.auth_group
    ADD CONSTRAINT auth_group_name_key UNIQUE (name);


--
-- Name: auth_group_permissions auth_group_permissions_group_id_permission_id_0cd325b0_uniq; Type: CONSTRAINT; Schema: public; Owner: iko
--

ALTER TABLE ONLY public.auth_group_permissions
    ADD CONSTRAINT auth_group_permissions_group_id_permission_id_0cd325b0_uniq UNIQUE (group_id, permission_id);


--
-- Name: auth_group_permissions auth_group_permissions_pkey; Type: CONSTRAINT; Schema: public; Owner: iko
--

ALTER TABLE ONLY public.auth_group_permissions
    ADD CONSTRAINT auth_group_permissions_pkey PRIMARY KEY (id);


--
-- Name: auth_group auth_group_pkey; Type: CONSTRAINT; Schema: public; Owner: iko
--

ALTER TABLE ONLY public.auth_group
    ADD CONSTRAINT auth_group_pkey PRIMARY KEY (id);


--
-- Name: auth_permission auth_permission_content_type_id_codename_01ab375a_uniq; Type: CONSTRAINT; Schema: public; Owner: iko
--

ALTER TABLE ONLY public.auth_permission
    ADD CONSTRAINT auth_permission_content_type_id_codename_01ab375a_uniq UNIQUE (content_type_id, codename);


--
-- Name: auth_permission auth_permission_pkey; Type: CONSTRAINT; Schema: public; Owner: iko
--

ALTER TABLE ONLY public.auth_permission
    ADD CONSTRAINT auth_permission_pkey PRIMARY KEY (id);


--
-- Name: auth_user_groups auth_user_groups_pkey; Type: CONSTRAINT; Schema: public; Owner: iko
--

ALTER TABLE ONLY public.auth_user_groups
    ADD CONSTRAINT auth_user_groups_pkey PRIMARY KEY (id);


--
-- Name: auth_user_groups auth_user_groups_user_id_group_id_94350c0c_uniq; Type: CONSTRAINT; Schema: public; Owner: iko
--

ALTER TABLE ONLY public.auth_user_groups
    ADD CONSTRAINT auth_user_groups_user_id_group_id_94350c0c_uniq UNIQUE (user_id, group_id);


--
-- Name: auth_user auth_user_pkey; Type: CONSTRAINT; Schema: public; Owner: iko
--

ALTER TABLE ONLY public.auth_user
    ADD CONSTRAINT auth_user_pkey PRIMARY KEY (id);


--
-- Name: auth_user_user_permissions auth_user_user_permissions_pkey; Type: CONSTRAINT; Schema: public; Owner: iko
--

ALTER TABLE ONLY public.auth_user_user_permissions
    ADD CONSTRAINT auth_user_user_permissions_pkey PRIMARY KEY (id);


--
-- Name: auth_user_user_permissions auth_user_user_permissions_user_id_permission_id_14a6b632_uniq; Type: CONSTRAINT; Schema: public; Owner: iko
--

ALTER TABLE ONLY public.auth_user_user_permissions
    ADD CONSTRAINT auth_user_user_permissions_user_id_permission_id_14a6b632_uniq UNIQUE (user_id, permission_id);


--
-- Name: auth_user auth_user_username_key; Type: CONSTRAINT; Schema: public; Owner: iko
--

ALTER TABLE ONLY public.auth_user
    ADD CONSTRAINT auth_user_username_key UNIQUE (username);


--
-- Name: authtoken_token authtoken_token_pkey; Type: CONSTRAINT; Schema: public; Owner: iko
--

ALTER TABLE ONLY public.authtoken_token
    ADD CONSTRAINT authtoken_token_pkey PRIMARY KEY (key);


--
-- Name: authtoken_token authtoken_token_user_id_key; Type: CONSTRAINT; Schema: public; Owner: iko
--

ALTER TABLE ONLY public.authtoken_token
    ADD CONSTRAINT authtoken_token_user_id_key UNIQUE (user_id);


--
-- Name: django_admin_log django_admin_log_pkey; Type: CONSTRAINT; Schema: public; Owner: iko
--

ALTER TABLE ONLY public.django_admin_log
    ADD CONSTRAINT django_admin_log_pkey PRIMARY KEY (id);


--
-- Name: django_content_type django_content_type_app_label_model_76bd3d3b_uniq; Type: CONSTRAINT; Schema: public; Owner: iko
--

ALTER TABLE ONLY public.django_content_type
    ADD CONSTRAINT django_content_type_app_label_model_76bd3d3b_uniq UNIQUE (app_label, model);


--
-- Name: django_content_type django_content_type_pkey; Type: CONSTRAINT; Schema: public; Owner: iko
--

ALTER TABLE ONLY public.django_content_type
    ADD CONSTRAINT django_content_type_pkey PRIMARY KEY (id);


--
-- Name: django_migrations django_migrations_pkey; Type: CONSTRAINT; Schema: public; Owner: iko
--

ALTER TABLE ONLY public.django_migrations
    ADD CONSTRAINT django_migrations_pkey PRIMARY KEY (id);


--
-- Name: django_session django_session_pkey; Type: CONSTRAINT; Schema: public; Owner: iko
--

ALTER TABLE ONLY public.django_session
    ADD CONSTRAINT django_session_pkey PRIMARY KEY (session_key);


--
-- Name: services_service services_service_pkey; Type: CONSTRAINT; Schema: public; Owner: iko
--

ALTER TABLE ONLY public.services_service
    ADD CONSTRAINT services_service_pkey PRIMARY KEY (id);


--
-- Name: articles_article_related_service_id_9ac6edb1; Type: INDEX; Schema: public; Owner: iko
--

CREATE INDEX articles_article_related_service_id_9ac6edb1 ON public.articles_article USING btree (related_service_id);


--
-- Name: articles_article_user_id_6310b975; Type: INDEX; Schema: public; Owner: iko
--

CREATE INDEX articles_article_user_id_6310b975 ON public.articles_article USING btree (user_id);


--
-- Name: articles_review_article_id_0471556c; Type: INDEX; Schema: public; Owner: iko
--

CREATE INDEX articles_review_article_id_0471556c ON public.articles_review USING btree (article_id);


--
-- Name: articles_review_review_user_id_d562f7ce; Type: INDEX; Schema: public; Owner: iko
--

CREATE INDEX articles_review_review_user_id_d562f7ce ON public.articles_review USING btree (review_user_id);


--
-- Name: auth_group_name_a6ea08ec_like; Type: INDEX; Schema: public; Owner: iko
--

CREATE INDEX auth_group_name_a6ea08ec_like ON public.auth_group USING btree (name varchar_pattern_ops);


--
-- Name: auth_group_permissions_group_id_b120cbf9; Type: INDEX; Schema: public; Owner: iko
--

CREATE INDEX auth_group_permissions_group_id_b120cbf9 ON public.auth_group_permissions USING btree (group_id);


--
-- Name: auth_group_permissions_permission_id_84c5c92e; Type: INDEX; Schema: public; Owner: iko
--

CREATE INDEX auth_group_permissions_permission_id_84c5c92e ON public.auth_group_permissions USING btree (permission_id);


--
-- Name: auth_permission_content_type_id_2f476e4b; Type: INDEX; Schema: public; Owner: iko
--

CREATE INDEX auth_permission_content_type_id_2f476e4b ON public.auth_permission USING btree (content_type_id);


--
-- Name: auth_user_groups_group_id_97559544; Type: INDEX; Schema: public; Owner: iko
--

CREATE INDEX auth_user_groups_group_id_97559544 ON public.auth_user_groups USING btree (group_id);


--
-- Name: auth_user_groups_user_id_6a12ed8b; Type: INDEX; Schema: public; Owner: iko
--

CREATE INDEX auth_user_groups_user_id_6a12ed8b ON public.auth_user_groups USING btree (user_id);


--
-- Name: auth_user_user_permissions_permission_id_1fbb5f2c; Type: INDEX; Schema: public; Owner: iko
--

CREATE INDEX auth_user_user_permissions_permission_id_1fbb5f2c ON public.auth_user_user_permissions USING btree (permission_id);


--
-- Name: auth_user_user_permissions_user_id_a95ead1b; Type: INDEX; Schema: public; Owner: iko
--

CREATE INDEX auth_user_user_permissions_user_id_a95ead1b ON public.auth_user_user_permissions USING btree (user_id);


--
-- Name: auth_user_username_6821ab7c_like; Type: INDEX; Schema: public; Owner: iko
--

CREATE INDEX auth_user_username_6821ab7c_like ON public.auth_user USING btree (username varchar_pattern_ops);


--
-- Name: authtoken_token_key_10f0b77e_like; Type: INDEX; Schema: public; Owner: iko
--

CREATE INDEX authtoken_token_key_10f0b77e_like ON public.authtoken_token USING btree (key varchar_pattern_ops);


--
-- Name: django_admin_log_content_type_id_c4bce8eb; Type: INDEX; Schema: public; Owner: iko
--

CREATE INDEX django_admin_log_content_type_id_c4bce8eb ON public.django_admin_log USING btree (content_type_id);


--
-- Name: django_admin_log_user_id_c564eba6; Type: INDEX; Schema: public; Owner: iko
--

CREATE INDEX django_admin_log_user_id_c564eba6 ON public.django_admin_log USING btree (user_id);


--
-- Name: django_session_expire_date_a5c62663; Type: INDEX; Schema: public; Owner: iko
--

CREATE INDEX django_session_expire_date_a5c62663 ON public.django_session USING btree (expire_date);


--
-- Name: django_session_session_key_c0390e0f_like; Type: INDEX; Schema: public; Owner: iko
--

CREATE INDEX django_session_session_key_c0390e0f_like ON public.django_session USING btree (session_key varchar_pattern_ops);


--
-- Name: articles_article articles_article_related_service_id_9ac6edb1_fk_services_; Type: FK CONSTRAINT; Schema: public; Owner: iko
--

ALTER TABLE ONLY public.articles_article
    ADD CONSTRAINT articles_article_related_service_id_9ac6edb1_fk_services_ FOREIGN KEY (related_service_id) REFERENCES public.services_service(id) DEFERRABLE INITIALLY DEFERRED;


--
-- Name: articles_article articles_article_user_id_6310b975_fk_auth_user_id; Type: FK CONSTRAINT; Schema: public; Owner: iko
--

ALTER TABLE ONLY public.articles_article
    ADD CONSTRAINT articles_article_user_id_6310b975_fk_auth_user_id FOREIGN KEY (user_id) REFERENCES public.auth_user(id) DEFERRABLE INITIALLY DEFERRED;


--
-- Name: articles_review articles_review_article_id_0471556c_fk_articles_article_id; Type: FK CONSTRAINT; Schema: public; Owner: iko
--

ALTER TABLE ONLY public.articles_review
    ADD CONSTRAINT articles_review_article_id_0471556c_fk_articles_article_id FOREIGN KEY (article_id) REFERENCES public.articles_article(id) DEFERRABLE INITIALLY DEFERRED;


--
-- Name: articles_review articles_review_review_user_id_d562f7ce_fk_auth_user_id; Type: FK CONSTRAINT; Schema: public; Owner: iko
--

ALTER TABLE ONLY public.articles_review
    ADD CONSTRAINT articles_review_review_user_id_d562f7ce_fk_auth_user_id FOREIGN KEY (review_user_id) REFERENCES public.auth_user(id) DEFERRABLE INITIALLY DEFERRED;


--
-- Name: auth_group_permissions auth_group_permissio_permission_id_84c5c92e_fk_auth_perm; Type: FK CONSTRAINT; Schema: public; Owner: iko
--

ALTER TABLE ONLY public.auth_group_permissions
    ADD CONSTRAINT auth_group_permissio_permission_id_84c5c92e_fk_auth_perm FOREIGN KEY (permission_id) REFERENCES public.auth_permission(id) DEFERRABLE INITIALLY DEFERRED;


--
-- Name: auth_group_permissions auth_group_permissions_group_id_b120cbf9_fk_auth_group_id; Type: FK CONSTRAINT; Schema: public; Owner: iko
--

ALTER TABLE ONLY public.auth_group_permissions
    ADD CONSTRAINT auth_group_permissions_group_id_b120cbf9_fk_auth_group_id FOREIGN KEY (group_id) REFERENCES public.auth_group(id) DEFERRABLE INITIALLY DEFERRED;


--
-- Name: auth_permission auth_permission_content_type_id_2f476e4b_fk_django_co; Type: FK CONSTRAINT; Schema: public; Owner: iko
--

ALTER TABLE ONLY public.auth_permission
    ADD CONSTRAINT auth_permission_content_type_id_2f476e4b_fk_django_co FOREIGN KEY (content_type_id) REFERENCES public.django_content_type(id) DEFERRABLE INITIALLY DEFERRED;


--
-- Name: auth_user_groups auth_user_groups_group_id_97559544_fk_auth_group_id; Type: FK CONSTRAINT; Schema: public; Owner: iko
--

ALTER TABLE ONLY public.auth_user_groups
    ADD CONSTRAINT auth_user_groups_group_id_97559544_fk_auth_group_id FOREIGN KEY (group_id) REFERENCES public.auth_group(id) DEFERRABLE INITIALLY DEFERRED;


--
-- Name: auth_user_groups auth_user_groups_user_id_6a12ed8b_fk_auth_user_id; Type: FK CONSTRAINT; Schema: public; Owner: iko
--

ALTER TABLE ONLY public.auth_user_groups
    ADD CONSTRAINT auth_user_groups_user_id_6a12ed8b_fk_auth_user_id FOREIGN KEY (user_id) REFERENCES public.auth_user(id) DEFERRABLE INITIALLY DEFERRED;


--
-- Name: auth_user_user_permissions auth_user_user_permi_permission_id_1fbb5f2c_fk_auth_perm; Type: FK CONSTRAINT; Schema: public; Owner: iko
--

ALTER TABLE ONLY public.auth_user_user_permissions
    ADD CONSTRAINT auth_user_user_permi_permission_id_1fbb5f2c_fk_auth_perm FOREIGN KEY (permission_id) REFERENCES public.auth_permission(id) DEFERRABLE INITIALLY DEFERRED;


--
-- Name: auth_user_user_permissions auth_user_user_permissions_user_id_a95ead1b_fk_auth_user_id; Type: FK CONSTRAINT; Schema: public; Owner: iko
--

ALTER TABLE ONLY public.auth_user_user_permissions
    ADD CONSTRAINT auth_user_user_permissions_user_id_a95ead1b_fk_auth_user_id FOREIGN KEY (user_id) REFERENCES public.auth_user(id) DEFERRABLE INITIALLY DEFERRED;


--
-- Name: authtoken_token authtoken_token_user_id_35299eff_fk_auth_user_id; Type: FK CONSTRAINT; Schema: public; Owner: iko
--

ALTER TABLE ONLY public.authtoken_token
    ADD CONSTRAINT authtoken_token_user_id_35299eff_fk_auth_user_id FOREIGN KEY (user_id) REFERENCES public.auth_user(id) DEFERRABLE INITIALLY DEFERRED;


--
-- Name: django_admin_log django_admin_log_content_type_id_c4bce8eb_fk_django_co; Type: FK CONSTRAINT; Schema: public; Owner: iko
--

ALTER TABLE ONLY public.django_admin_log
    ADD CONSTRAINT django_admin_log_content_type_id_c4bce8eb_fk_django_co FOREIGN KEY (content_type_id) REFERENCES public.django_content_type(id) DEFERRABLE INITIALLY DEFERRED;


--
-- Name: django_admin_log django_admin_log_user_id_c564eba6_fk_auth_user_id; Type: FK CONSTRAINT; Schema: public; Owner: iko
--

ALTER TABLE ONLY public.django_admin_log
    ADD CONSTRAINT django_admin_log_user_id_c564eba6_fk_auth_user_id FOREIGN KEY (user_id) REFERENCES public.auth_user(id) DEFERRABLE INITIALLY DEFERRED;


--
-- PostgreSQL database dump complete
--

